age,blood_pressure,cholesterol,glucose,gender_M,smoking_yes,exercise_yes
1.632993161855452,1.4338235524696878,-1.0245487229457675,-0.9941988341195412,-1.2909944487358056,-1.2909944487358056,-1.0
1.0886621079036347,0.8742826539449317,-1.2587312881905142,-1.1428640803430241,-1.2909944487358056,-1.2909944487358056,1.0
