age,blood_pressure,cholesterol,glucose,gender_M,smoking_yes,exercise_yes
0.13608276348795434,-0.24479914310458087,-0.5561835924562738,-0.027874733666903028,0.7745966692414834,0.7745966692414834,1.0
-0.13608276348795434,-0.058285510262995444,0.6147292337674605,0.343788381891804,0.7745966692414834,0.7745966692414834,-1.0
0.408248290463863,1.060796286786517,1.0830943642569542,1.087114613009218,0.7745966692414834,0.7745966692414834,-1.0
-1.0886621079036347,-0.9908536744709225,-0.3220010272115269,-0.7712009647843171,-1.2909944487358056,0.7745966692414834,1.0
-0.6804138174397717,-0.524569592366959,-0.7903661577010206,-0.5482030954490928,0.7745966692414834,0.7745966692414834,1.0
0.816496580927726,0.4079985718409681,0.14636410327796678,-0.39953784922561003,-1.2909944487358056,-1.2909944487358056,-1.0
1.9051586888313607,1.8068508181528586,1.5514594947464477,1.830440844126632,0.7745966692414834,-1.2909944487358056,-1.0
-1.3608276348795434,-1.457137756574886,-1.727096418680008,-1.514527195901731,-1.2909944487358056,-1.2909944487358056,1.0
